source_id,mission,label_coarse,label_binary,prob_confirmed,pred_binary,period_days,transit_depth_ppm,planet_radius_re,stellar_radius_rs,snr
K00580.01,KEPLER,CONFIRMED,1,0.9975083006292388,1,6.521209629,760.4,2.54,0.898,69.8
K00486.01,KEPLER,CONFIRMED,1,0.9974934549539415,1,22.18332255,748.1,2.78,1.03,70.3
K00694.01,KEPLER,CONFIRMED,1,0.9956187279450407,1,17.42115972,928.1,3.11,0.972,114.3
K01591.01,KEPLER,CONFIRMED,1,0.9947624616531422,1,19.65639342,843.2,2.83,0.74,25.5
K00505.01,KEPLER,CONFIRMED,1,0.9944263077199846,1,13.76710058,684.8,2.24,0.76,41.6
K02439.01,KEPLER,CONFIRMED,1,0.9935646840683983,1,5.19103699,290.1,1.92,1.125,25.2
K01576.01,KEPLER,CONFIRMED,1,0.9923158511014466,1,10.41572666,825.3,3.01,0.987,69.3
K00446.01,KEPLER,CONFIRMED,1,0.9918476036158479,1,16.70920628,839.8,2.27,0.668,40.4
K01830.01,KEPLER,CONFIRMED,1,0.9901797747317947,1,13.22714056,812.0,2.22,0.8,51.8
K01435.01,KEPLER,CONFIRMED,1,0.9901132951884568,1,40.7150498,563.9,2.2,0.881,56.4
K00248.02,KEPLER,CONFIRMED,1,0.989587594514651,1,10.91274065,1387.2,2.13,0.539,57.4
K00945.02,KEPLER,CONFIRMED,1,0.9881382760643423,1,40.715561,680.9,2.7,1.031,28.9
K01336.02,KEPLER,CONFIRMED,1,0.9865827213179585,1,15.573637,468.1,2.94,1.083,24.7
K00247.01,KEPLER,CONFIRMED,1,0.986026032883922,1,13.81504449,1032.6,1.91,0.509,46.7
K00511.01,KEPLER,CONFIRMED,1,0.9852512778157653,1,8.00579096,629.7,2.36,0.935,69.2
K00520.02,KEPLER,CONFIRMED,1,0.98520353987788,1,5.433132902,328.2,1.61,0.826,33.1
K00351.04,KEPLER,CONFIRMED,1,0.9837643225038452,1,91.9401253,482.9,2.62,1.2,34.4
K00532.01,KEPLER,CONFIRMED,1,0.9829436441110555,1,4.221626193,658.0,2.87,0.987,83.7
K00752.01,KEPLER,CONFIRMED,1,0.9794459981880873,1,9.48803557,615.8,2.26,0.927,35.8
K01713.01,KEPLER,CONFIRMED,1,0.9793863355826182,1,6.82778157,545.8,1.34,0.574,32.2
K00700.01,KEPLER,CONFIRMED,1,0.9788810609172919,1,30.86436512,551.3,2.23,0.828,51.8
K00245.01,KEPLER,CONFIRMED,1,0.9740979873449261,1,39.79220077,610.4,1.9,0.781,179.5
K00235.01,KEPLER,CONFIRMED,1,0.9739874235889296,1,5.63252508,634.4,2.04,0.804,70.9
K01522.01,KEPLER,CONFIRMED,1,0.9737995205329778,1,33.3856176,553.2,2.48,1.022,37.1
K00304.01,KEPLER,CONFIRMED,1,0.9725871437584337,1,8.512037736,597.8,2.14,0.881,102.2
K00314.02,KEPLER,CONFIRMED,1,0.9693088920844843,1,23.08902241,598.3,1.24,0.503,57.4
K01751.01,KEPLER,CONFIRMED,1,0.9686452824759076,1,8.689301216,1117.0,2.92,0.895,70.9
K01805.03,KEPLER,CONFIRMED,1,0.9645528472744094,1,4.36273233,341.6,1.76,0.88,25.6
K00082.01,KEPLER,CONFIRMED,1,0.9631689290964347,1,16.145671932,941.1,2.48,0.741,242.7
K02046.01,KEPLER,CONFIRMED,1,0.9589339379426022,1,23.8990075,293.4,3.26,1.93,61.5
K00042.01,KEPLER,CONFIRMED,1,0.9566876404226805,1,17.83367834,326.9,2.43,1.337,154.5
K02338.01,KEPLER,CONFIRMED,1,0.9547914097762082,1,66.1843646,560.5,2.72,0.978,21.3
K00316.03,KEPLER,CONFIRMED,1,0.9542354672429818,1,7.305706326,264.9,2.11,1.143,43.6
K01303.01,KEPLER,CANDIDATE,0,0.9538954837209702,1,34.2966363,696.6,3.29,1.167,66.7
K01586.01,KEPLER,CONFIRMED,1,0.9524306735342495,1,6.99130452,555.4,1.95,0.761,36.3
K00339.02,KEPLER,CONFIRMED,1,0.9506125903746558,1,12.8344771,281.0,2.55,1.189,35.0
K00788.01,KEPLER,CONFIRMED,1,0.9482845343376519,1,26.39432897,1510.9,3.07,0.763,48.2
K01967.01,KEPLER,CONFIRMED,1,0.9461362289872496,1,4.417692516,279.2,1.57,0.664,35.1
K00195.01,KEPLER,CONFIRMED,1,0.943834447969412,1,3.217518511,14319.0,11.38,0.903,1287.4
K02945.01,KEPLER,CONFIRMED,1,0.9415508046161442,1,19.94752741,861.3,2.52,0.864,16.0
K01901.01,KEPLER,CONFIRMED,1,0.9403993302082131,1,85.6542476,476.0,3.56,1.647,36.6
K00505.02,KEPLER,CONFIRMED,1,0.9376375490456607,1,6.1954595,296.4,1.37,0.76,27.1
K01215.02,KEPLER,CONFIRMED,1,0.9370005384936833,1,33.0063185,278.1,3.13,1.857,38.2
K01070.01,KEPLER,CONFIRMED,1,0.9366942323425821,1,6.61836309,549.1,2.98,1.294,31.5
K02463.01,KEPLER,CONFIRMED,1,0.9362122710488185,1,7.46718958,75.7,1.04,1.169,18.8
K00148.01,KEPLER,CONFIRMED,1,0.9346065133659007,1,4.77800306,473.0,1.85,0.873,115.4
K00593.02,KEPLER,CONFIRMED,1,0.9340295064800367,1,90.4117992,1265.0,3.96,0.977,35.4
K00899.02,KEPLER,CONFIRMED,1,0.9332489050607807,1,3.306551643,509.2,0.91,0.411,37.8
K00923.01,KEPLER,CONFIRMED,1,0.9330543414731421,1,5.743469797,1240.2,3.13,0.891,79.7
K00655.02,KEPLER,CONFIRMED,1,0.9313187014200437,1,151.8851881,360.6,2.47,1.179,46.3
K01220.01,KEPLER,CONFIRMED,1,0.9284227870057691,1,6.40087137,133.6,1.91,1.421,24.4
K00993.02,KEPLER,CONFIRMED,1,0.9258536043566964,1,13.0607936,236.6,1.45,0.876,19.4
K03319.02,KEPLER,CONFIRMED,1,0.9245673525723801,1,8.23983041,251.0,2.35,1.496,29.4
K00202.01,KEPLER,CONFIRMED,1,0.9194896229952927,1,1.72086129,10184.0,13.25,1.215,1654.9
K02195.03,KEPLER,CONFIRMED,1,0.9166652694265462,1,6.84978728,139.2,1.83,1.209,17.0
K02368.01,KEPLER,CONFIRMED,1,0.916247035867511,1,8.07127043,318.2,1.53,0.853,16.9
K00786.01,KEPLER,CONFIRMED,1,0.9126979669956434,1,3.689920099,426.7,1.89,0.917,35.6
K00907.04,KEPLER,CONFIRMED,1,0.9121592141840246,1,99.6415962,952.5,2.64,0.866,22.7
K00730.01,KEPLER,CONFIRMED,1,0.9119246115505116,1,14.78767172,781.8,3.46,1.248,39.4
K04015.01,KEPLER,CONFIRMED,1,0.9078224803172916,1,133.303247,1017.5,2.67,0.864,20.6
K02351.01,KEPLER,CONFIRMED,1,0.9048455735697456,1,10.27380957,352.8,1.68,0.899,19.2
K00952.01,KEPLER,CONFIRMED,1,0.9021284364765253,1,5.90127815,1525.2,1.94,0.498,56.6
K00869.03,KEPLER,CONFIRMED,1,0.9005659848559273,1,17.46087931,812.4,2.32,0.787,22.6
K01102.04,KEPLER,CONFIRMED,1,0.8996110040693323,1,4.24439049,174.0,2.07,1.24,15.1
K02995.01,KEPLER,CONFIRMED,1,0.8978886718552931,1,5.19492747,272.9,2.03,1.224,16.5
K02401.01,KEPLER,CANDIDATE,0,0.8964984830701742,1,38.2292037,605.8,1.51,0.598,21.0
K00089.01,KEPLER,CONFIRMED,1,0.894294478312636,1,84.6877524,347.7,3.37,1.79,95.1
K00137.02,KEPLER,CONFIRMED,1,0.8931491045737837,1,14.85890852,3269.0,5.94,1.055,456.8
K03346.01,KEPLER,CONFIRMED,1,0.8911309705261631,1,14.42735088,117.0,1.53,1.04,21.5
K02274.01,KEPLER,CONFIRMED,1,0.8884671068061936,1,9.98970266,988.4,2.48,0.81,24.1
K01563.03,KEPLER,CONFIRMED,1,0.8883289630967174,1,3.20539622,453.6,1.7,0.787,20.6
K01564.01,KEPLER,CONFIRMED,1,0.888069638037361,1,53.44944498,3437.0,5.82,1.0,119.5
K01357.01,KEPLER,CANDIDATE,0,0.8872429319572093,1,3.014330766,975.3,2.87,0.953,57.3
K01685.01,KEPLER,CONFIRMED,1,0.8856521913486293,1,70.468171,922.4,3.46,1.131,45.0
K00188.01,KEPLER,CONFIRMED,1,0.8787736588301013,1,3.797018259,14431.0,10.07,0.848,1549.0
K02857.02,KEPLER,CONFIRMED,1,0.8769210695625614,1,7.44136102,79.7,1.33,1.291,14.2
K00700.03,KEPLER,CONFIRMED,1,0.8747764367261172,1,14.6672293,198.1,1.21,0.828,30.5
K00007.01,KEPLER,CONFIRMED,1,0.8699622428847341,1,3.213668926,727.8,4.13,1.545,346.9
K03341.01,KEPLER,CANDIDATE,0,0.8641316353956605,1,27.0965146,208.4,2.13,1.352,16.4
K02860.01,KEPLER,CONFIRMED,1,0.8635581551225059,1,103.4269873,950.1,3.16,1.024,17.8
K01874.02,KEPLER,CONFIRMED,1,0.8592942569625079,1,7.41634701,505.5,1.24,0.545,20.6
K03741.04,KEPLER,CONFIRMED,1,0.8565339740644634,1,9.6310258,297.2,2.9,1.345,12.7
K05475.01,KEPLER,CONFIRMED,1,0.8537653813354201,1,224.150923,348.6,2.41,1.286,34.2
K02458.01,KEPLER,CONFIRMED,1,0.8516703374749178,1,4.35407371,277.1,1.63,0.909,19.0
K00582.03,KEPLER,CONFIRMED,1,0.850813602361927,1,9.93962361,300.1,1.93,0.868,21.5
K02838.02,KEPLER,CONFIRMED,1,0.8502421178974204,1,4.77466043,54.3,0.81,1.104,15.5
K02931.01,KEPLER,CONFIRMED,1,0.8484554271521012,1,99.2532336,538.0,2.17,0.715,20.5
K03120.01,KEPLER,CONFIRMED,1,0.8432064189330386,1,4.13592927,156.2,1.43,1.152,15.2
K00442.03,KEPLER,CONFIRMED,1,0.8426854721319756,1,7.0257409,190.7,1.56,1.014,21.2
K01325.01,KEPLER,CONFIRMED,1,0.842481528035175,1,10.035381809,2829.7,4.42,0.833,150.9
K01258.01,KEPLER,CONFIRMED,1,0.8413008208591322,1,36.33750453,2828.4,5.3,0.884,96.8
K00759.02,KEPLER,CONFIRMED,1,0.8249133868653266,1,91.7732862,652.0,2.12,0.798,19.1
K00098.01,KEPLER,CONFIRMED,1,0.8176883649881165,1,6.790120801,2302.3,9.86,2.001,526.1
K01916.03,KEPLER,CONFIRMED,1,0.8160983801021138,1,2.0248205,63.3,1.01,1.272,20.2
K01622.01,KEPLER,CANDIDATE,0,0.8160324406493611,1,69.8347983,266.6,3.51,2.022,46.8
K01944.01,KEPLER,CONFIRMED,1,0.8126390986038246,1,12.18420006,499.3,2.59,1.068,23.3
K02071.01,KEPLER,CONFIRMED,1,0.8100359425441539,1,3.85690686,127.8,0.93,0.813,24.3
K02210.01,KEPLER,CONFIRMED,1,0.8077157765352829,1,2.888904439,402.2,1.68,0.759,23.7
K00812.04,KEPLER,CONFIRMED,1,0.8025298875813894,1,7.82502168,520.8,1.2,0.493,15.9
K02224.01,KEPLER,CONFIRMED,1,0.8022654133548965,1,3.73090026,191.2,1.48,0.95,24.0
K00433.01,KEPLER,CONFIRMED,1,0.8022269919286826,1,4.030466786,2908.3,4.48,0.854,227.4
K02387.01,KEPLER,CONFIRMED,1,0.8011326727677813,1,2.032319072,315.5,1.87,1.05,24.5
K00070.05,KEPLER,CONFIRMED,1,0.8005591219428194,1,19.5776073,98.1,0.9,0.925,17.2
K00841.01,KEPLER,CONFIRMED,1,0.7930885103535908,1,15.33528675,3081.4,5.0,0.817,86.6
K00220.02,KEPLER,CONFIRMED,1,0.7875267483064253,1,4.12511935,114.7,0.88,0.83,21.6
K03260.01,KEPLER,CONFIRMED,1,0.7810885536188849,1,56.6746666,883.1,4.01,1.295,22.7
K04227.01,KEPLER,FALSE POSITIVE,0,0.7808052700579544,1,4.29258258,369.6,1.87,0.963,16.1
K01344.01,KEPLER,CONFIRMED,1,0.7758153317919827,1,4.48758768,112.0,1.37,1.257,25.9
K01963.01,KEPLER,CANDIDATE,0,0.7742432638624682,1,12.89623554,426.6,2.55,0.923,32.9
K03095.01,KEPLER,CONFIRMED,1,0.7722177006773228,1,3.42390809,153.1,1.25,1.015,13.1
K01577.01,KEPLER,CONFIRMED,1,0.7637349348557646,1,2.806243488,599.6,1.41,0.581,22.4
K02504.01,KEPLER,CONFIRMED,1,0.7636713346677948,1,20.49041,661.8,2.34,0.923,23.3
K02049.01,KEPLER,CONFIRMED,1,0.7582842706189846,1,1.569066598,147.2,1.68,1.395,48.7
K00505.03,KEPLER,CONFIRMED,1,0.7558043698237329,1,3.25058201,218.4,1.19,0.76,24.0
K02830.01,KEPLER,CONFIRMED,1,0.749391813062878,1,40.5289885,360.7,5.92,3.086,35.3
K02696.01,KEPLER,CANDIDATE,0,0.748480597916284,1,96.4562198,950.5,9.1,2.704,54.6
K01362.01,KEPLER,CANDIDATE,0,0.7459725632785699,1,20.51360192,1174.1,2.58,0.704,32.3
K04185.01,KEPLER,CONFIRMED,1,0.7436573594421888,1,3.035206175,696.9,3.59,0.873,19.1
K04356.01,KEPLER,CONFIRMED,1,0.742949447776097,1,174.510276,1530.0,1.74,0.452,14.8
K04500.02,KEPLER,CONFIRMED,1,0.7409374651047248,1,44.9851885,617.8,2.09,0.8,12.7
K02076.02,KEPLER,CONFIRMED,1,0.7334524986911442,1,219.3215562,3628.7,6.11,1.012,93.8
K00490.04,KEPLER,CONFIRMED,1,0.7318698684507271,1,21.803708,246.4,1.11,0.692,18.5
K03241.01,KEPLER,FALSE POSITIVE,0,0.7296273560241946,1,8.21429932,70.7,1.66,1.869,19.7
K01180.01,KEPLER,FALSE POSITIVE,0,0.728031812569499,1,34.82008158,18848.0,11.36,0.784,882.6
K02663.01,KEPLER,CONFIRMED,1,0.7182894987945878,1,9.88736642,68.0,0.68,0.816,14.6
K02451.01,KEPLER,FALSE POSITIVE,0,0.7094208217996802,1,13.37499553,458.1,2.01,0.961,16.9
K00388.01,KEPLER,CONFIRMED,1,0.7081167486776355,1,6.14955931,333.7,3.26,1.775,87.3
K03146.01,KEPLER,CONFIRMED,1,0.7068928095510374,1,39.859505,155.5,1.62,1.292,13.9
K02627.01,KEPLER,CONFIRMED,1,0.7060295250286651,1,8.38395796,108.5,3.24,2.605,14.1
K02628.01,KEPLER,CONFIRMED,1,0.7052792324722161,1,1.68189051,83.2,1.27,1.374,17.4
K02977.01,KEPLER,CONFIRMED,1,0.6993041953090549,1,2.7881793,55.8,1.02,1.385,17.7
K06573.01,KEPLER,FALSE POSITIVE,0,0.6925037473113363,1,12.4261809,92.2,1.88,1.432,39.0
K00675.01,KEPLER,FALSE POSITIVE,0,0.6720252595756665,1,1.655467295,1059.4,2.17,0.695,98.7
K02869.01,KEPLER,CONFIRMED,1,0.6702886662652364,1,3.30040818,98.8,1.43,1.438,19.3
K00710.01,KEPLER,CONFIRMED,1,0.6647702333465153,1,5.37493289,155.8,2.12,1.689,49.0
K04572.01,KEPLER,FALSE POSITIVE,0,0.6588182450923934,1,4.60690612,137.5,0.9,0.775,13.3
K02169.03,KEPLER,CONFIRMED,1,0.6526609089584713,1,4.27226421,48.9,0.64,0.842,13.7
K01261.01,KEPLER,CONFIRMED,1,0.6369290629684233,1,133.460999,5032.9,11.21,1.593,162.3
K01734.01,KEPLER,FALSE POSITIVE,0,0.6358452612766121,1,1.878156188,787.5,2.51,0.67,38.4
K00359.01,KEPLER,FALSE POSITIVE,0,0.6351948939426486,1,5.93720557,371.4,1.84,0.712,59.9
K03952.01,KEPLER,FALSE POSITIVE,0,0.6310184226817238,1,220.9290121,2456.5,5.24,0.941,70.4
K00089.02,KEPLER,CONFIRMED,1,0.6280030975444855,1,207.5829306,505.1,4.52,1.79,70.0
K00724.01,KEPLER,FALSE POSITIVE,0,0.6194799393508807,1,6.97106919,452.8,2.07,0.983,41.7
K01946.01,KEPLER,CANDIDATE,0,0.5841158912122945,1,8.29482811,559.5,2.76,0.939,38.1
K00642.01,KEPLER,FALSE POSITIVE,0,0.57739294496916,1,4.350413063,192.5,1.26,0.876,37.8
K02466.02,KEPLER,CONFIRMED,1,0.5687836168655371,1,13.2970695,219.7,0.91,0.633,14.9
K04032.02,KEPLER,CONFIRMED,1,0.5685979889231201,1,2.89223998,44.3,0.7,1.065,17.3
K02984.01,KEPLER,CANDIDATE,0,0.5639900166055591,1,11.45541896,68.6,1.12,1.356,15.8
K00307.02,KEPLER,CONFIRMED,1,0.5628715525982338,1,5.21104597,102.7,1.18,1.031,36.9
K02849.01,KEPLER,CONFIRMED,1,0.554980824230856,1,5.95958637,133.1,1.02,0.9,16.1
K01650.02,KEPLER,CONFIRMED,1,0.5526072501984728,1,100.8276725,1778.8,4.35,0.977,36.7
K00941.01,KEPLER,CONFIRMED,1,0.5487078849148399,1,6.581477136,2318.9,4.56,0.973,116.2
K04091.01,KEPLER,CONFIRMED,1,0.5440517002572808,1,225.585245,754.9,3.71,1.363,18.6
K03370.02,KEPLER,CONFIRMED,1,0.5401258725128867,1,5.94228603,250.0,1.23,0.805,7.5
K03406.01,KEPLER,FALSE POSITIVE,0,0.5309028751612737,1,15.6937855,367.7,1.99,1.037,14.2
K02471.01,KEPLER,CONFIRMED,1,0.5289839072176059,1,25.8859397,217.1,1.66,0.899,16.1
K02733.01,KEPLER,CONFIRMED,1,0.5276101355489553,1,5.62006198,190.1,1.45,0.746,17.4
K00972.01,KEPLER,CANDIDATE,0,0.5241581380567335,1,13.118962443,372.2,8.25,4.24,267.4
K01856.01,KEPLER,CANDIDATE,0,0.5233649947064682,1,46.2991052,854.9,4.33,1.507,55.0
K02158.01,KEPLER,CONFIRMED,1,0.5209753558193109,1,4.5620407,81.6,2.82,2.506,22.8
K00912.02,KEPLER,CONFIRMED,1,0.5192000781904693,1,6.66833241,362.3,1.18,0.591,14.2
K03502.01,KEPLER,FALSE POSITIVE,0,0.49229667153720824,0,12.4261177,1230.4,3.8,0.851,89.9
K03335.01,KEPLER,CONFIRMED,1,0.487635324898298,0,31.2543238,438.0,2.29,1.092,14.7
K05270.01,KEPLER,FALSE POSITIVE,0,0.48488856530642116,0,551.134255,,,,
K01944.02,KEPLER,FALSE POSITIVE,0,0.473931636468979,0,8.3606759,194.8,1.49,1.068,17.7
K01097.01,KEPLER,FALSE POSITIVE,0,0.46870002793335835,0,10.9110487,401.9,2.36,0.864,28.3
K06406.01,KEPLER,FALSE POSITIVE,0,0.4667216428755962,0,8.65298599,313.8,1.36,0.749,12.4
K03912.01,KEPLER,FALSE POSITIVE,0,0.453781092947078,0,7.77241144,286.9,1.69,0.993,18.9
K00125.01,KEPLER,CONFIRMED,1,0.451722735664391,0,38.47876629,23530.0,13.26,0.879,1077.8
K01696.01,KEPLER,FALSE POSITIVE,0,0.4458826218989372,0,1.752564549,116.6,1.38,1.18,38.0
K02519.01,KEPLER,CANDIDATE,0,0.44265053899564827,0,4.790912471,360.7,2.25,0.676,17.6
K04766.01,KEPLER,CANDIDATE,0,0.44113711715253795,0,5.56676609,173.8,1.12,0.859,12.0
K01753.01,KEPLER,FALSE POSITIVE,0,0.43021553099519944,0,0.979442525,469.3,1.64,0.745,27.0
K01502.01,KEPLER,FALSE POSITIVE,0,0.4204999781016213,0,1.876406096,433.8,1.57,0.759,37.0
K03967.01,KEPLER,FALSE POSITIVE,0,0.4193427645720657,0,12.4260454,582.1,2.64,0.817,55.7
K04556.01,KEPLER,FALSE POSITIVE,0,0.41610319037511706,0,21.5819776,47.6,0.91,1.342,17.3
K03914.01,KEPLER,FALSE POSITIVE,0,0.41503199477932257,0,12.42618005,1522.8,3.48,0.684,113.1
K04213.01,KEPLER,FALSE POSITIVE,0,0.4133943586922761,0,3.67515329,56.0,0.71,0.881,16.7
K02127.01,KEPLER,FALSE POSITIVE,0,0.4103971442625693,0,2.87066026,450.8,1.72,0.796,13.2
K02539.01,KEPLER,FALSE POSITIVE,0,0.40623787971424785,0,5.26648126,97.8,1.07,1.065,16.0
K04130.01,KEPLER,FALSE POSITIVE,0,0.4010885014922938,0,0.952374508,204.8,1.13,0.821,33.0
K05553.01,KEPLER,CANDIDATE,0,0.39565213946555644,0,120.938669,782.1,2.32,0.843,15.0
K03190.01,KEPLER,CANDIDATE,0,0.3920659807019756,0,8.95294046,44.0,0.86,1.207,13.0
K04302.01,KEPLER,CANDIDATE,0,0.3842093245393279,0,5.53312006,53.1,1.05,1.425,13.4
K00527.01,KEPLER,FALSE POSITIVE,0,0.38027915795885037,0,10.63624422,231.7,1.58,0.774,24.7
K03460.01,KEPLER,CANDIDATE,0,0.37773999675950015,0,62.596544,223.1,2.25,1.509,15.5
K04905.01,KEPLER,FALSE POSITIVE,0,0.37709322864565337,0,0.739404894,246.8,0.94,0.624,21.0
K04461.01,KEPLER,FALSE POSITIVE,0,0.37636534139194405,0,3.74786694,80.9,0.89,0.971,19.1
K04963.01,KEPLER,CANDIDATE,0,0.36496699770318464,0,59.4037839,123.5,1.65,1.209,17.0
K02804.01,KEPLER,FALSE POSITIVE,0,0.36366276737552733,0,2.62838097,89.9,1.01,1.07,15.3
K02952.01,KEPLER,FALSE POSITIVE,0,0.354779827675136,0,1.7592691,140.4,1.21,0.984,13.5
K02971.02,KEPLER,CANDIDATE,0,0.3546918646178211,0,31.9533679,106.1,1.65,1.467,15.2
K04452.01,KEPLER,CANDIDATE,0,0.3513980219995449,0,12.85755895,106.5,1.23,1.156,14.2
K04045.01,KEPLER,FALSE POSITIVE,0,0.3414101506495762,0,1.89125855,67.9,0.81,0.927,24.8
K07291.01,KEPLER,CANDIDATE,0,0.32385747097261225,0,25.9136674,109.7,3.37,2.346,16.1
K00194.01,KEPLER,CONFIRMED,1,0.3215017672937155,0,3.120828136,16456.0,14.16,0.996,113.5
K01015.03,KEPLER,CANDIDATE,0,0.32144220517060157,0,16.9972894,225.0,3.14,1.86,11.1
K04481.01,KEPLER,FALSE POSITIVE,0,0.32083270466190855,0,3.74784374,116.5,1.08,0.996,12.8
K03091.01,KEPLER,CONFIRMED,1,0.3174265657268979,0,17.067644,262.4,1.62,0.996,13.5
K02586.01,KEPLER,CONFIRMED,1,0.3167628124876428,0,2.131945045,269.4,1.66,1.013,22.9
K01109.01,KEPLER,FALSE POSITIVE,0,0.3166763496881381,0,6.7210783,,,,
K04174.01,KEPLER,FALSE POSITIVE,0,0.3165692902789643,0,2.11548883,169.5,1.29,0.971,17.6
K06587.01,KEPLER,FALSE POSITIVE,0,0.2979266537653602,0,12.4254241,378.9,2.17,0.895,36.0
K01619.01,KEPLER,CANDIDATE,0,0.29498194853131626,0,20.6654374,100.4,0.66,0.676,13.6
K03337.01,KEPLER,CANDIDATE,0,0.2940212789890327,0,11.16622885,353.9,1.56,0.836,13.6
K04237.01,KEPLER,FALSE POSITIVE,0,0.29322584525287804,0,0.950735805,175.1,1.39,1.005,17.1
K03843.01,KEPLER,FALSE POSITIVE,0,0.28538254042250066,0,161.253747,2598.4,4.98,0.803,54.7
K04297.01,KEPLER,FALSE POSITIVE,0,0.2783631994175227,0,5.93725628,115.6,0.86,0.799,17.1
K06012.01,KEPLER,FALSE POSITIVE,0,0.2491945889587883,0,12.426173,115.1,2.67,1.357,36.9
K01035.01,KEPLER,FALSE POSITIVE,0,0.2369329581310527,0,1.217266418,5811.5,14.49,1.638,603.4
K04626.01,KEPLER,CANDIDATE,0,0.23611469332361312,0,91.95723,308.4,2.66,1.528,12.3
K03958.01,KEPLER,FALSE POSITIVE,0,0.23611421536546773,0,0.885123683,113.3,1.14,0.998,42.0
K04648.01,KEPLER,FALSE POSITIVE,0,0.23441840468871192,0,17.6604653,309.2,1.76,0.94,11.3
K03483.01,KEPLER,CANDIDATE,0,0.22933338268758274,0,82.331756,283.2,2.08,1.242,11.9
K02916.01,KEPLER,FALSE POSITIVE,0,0.22847847349063502,0,0.4961574895,119.2,0.82,0.741,29.3
K08130.01,KEPLER,FALSE POSITIVE,0,0.20939062421261734,0,0.566799395,231.2,1.65,1.075,33.7
K06698.01,KEPLER,CANDIDATE,0,0.20764585347257974,0,5.22422449,,,,
K07453.01,KEPLER,FALSE POSITIVE,0,0.2053099481717273,0,3.98855869,214.1,2.4,1.646,10.5
K06768.01,KEPLER,FALSE POSITIVE,0,0.2048456522535305,0,7.0435762,,,,
K06187.01,KEPLER,FALSE POSITIVE,0,0.2013600902137257,0,19.38444245,3372.0,28.3,5.026,685.3
K01168.01,KEPLER,CANDIDATE,0,0.20004445873419588,0,551.134255,858.1,3.87,1.309,39.2
K06451.01,KEPLER,FALSE POSITIVE,0,0.19050891927766664,0,2.40440112,29.9,0.59,0.769,16.7
K04728.01,KEPLER,FALSE POSITIVE,0,0.18203935584647335,0,21.5324915,100.5,1.47,1.41,12.1
K03628.01,KEPLER,FALSE POSITIVE,0,0.18171755046804058,0,3.47140045,,,,
K02997.01,KEPLER,FALSE POSITIVE,0,0.17400046998198282,0,1.33251589,140.5,1.3,1.068,22.2
K03259.01,KEPLER,CANDIDATE,0,0.17336302308291263,0,72.9332762,770.4,2.45,0.902,11.3
K01545.01,KEPLER,FALSE POSITIVE,0,0.17234186051040787,0,5.910371418,17219.0,12.62,0.958,990.3
K02884.01,KEPLER,FALSE POSITIVE,0,0.16712047929695334,0,2.48883033,51.4,0.64,0.833,15.1
K00989.02,KEPLER,FALSE POSITIVE,0,0.164398939562456,0,0.817026268,1145.5,2.92,0.874,121.1
K04195.01,KEPLER,FALSE POSITIVE,0,0.16166446716149835,0,1.332567643,56.7,0.62,0.79,24.0
K05467.01,KEPLER,CANDIDATE,0,0.16121165829650902,0,502.8356901,,,,
K03395.01,KEPLER,CANDIDATE,0,0.15630153245254388,0,10.00506974,143.3,1.11,0.924,11.4
K02243.03,KEPLER,CANDIDATE,0,0.14457785035262977,0,31.4452709,531.1,4.55,1.471,12.7
K06661.01,KEPLER,FALSE POSITIVE,0,0.14199812573086568,0,0.573036404,4174.5,9.97,1.196,419.6
K04395.01,KEPLER,CANDIDATE,0,0.14026079119629467,0,1.920062587,226.8,1.12,0.741,12.6
K02951.01,KEPLER,CONFIRMED,1,0.1392529000813715,0,2.44358543,59.1,0.67,0.873,11.9
K06341.01,KEPLER,CANDIDATE,0,0.13910883159966358,0,9.78184193,,,,
K04770.01,KEPLER,FALSE POSITIVE,0,0.13757736637892926,0,245.059374,165.0,1.63,1.265,15.1
K06557.01,KEPLER,CANDIDATE,0,0.1297294757340541,0,6.63448023,71.2,1.04,1.225,10.3
K05096.01,KEPLER,FALSE POSITIVE,0,0.1259445744190748,0,0.987069622,384.8,2.43,1.223,5.0
K01000.01,KEPLER,FALSE POSITIVE,0,0.11931554631614402,0,0.856895349,82.2,0.82,0.873,33.1
K03477.01,KEPLER,FALSE POSITIVE,0,0.11092704498052174,0,21.4618453,122.2,19.89,1.213,13.4
K00771.01,KEPLER,FALSE POSITIVE,0,0.10891837470401783,0,551.134255,18091.0,14.14,0.983,642.7
K04181.01,KEPLER,FALSE POSITIVE,0,0.10875614111612636,0,1.33256979,104.2,0.97,0.95,18.4
K05795.01,KEPLER,CANDIDATE,0,0.10694591784347869,0,19.11280242,,,,
K07649.01,KEPLER,FALSE POSITIVE,0,0.10402366191643991,0,494.165759,1440.0,4.5,1.162,7.4
K01765.01,KEPLER,FALSE POSITIVE,0,0.10283994805307291,0,6.814984472,23915.0,14.18,0.817,742.2
K04657.02,KEPLER,CANDIDATE,0,0.10142260902664953,0,10.4314847,59.1,0.77,0.774,9.6
K02794.01,KEPLER,FALSE POSITIVE,0,0.09702630332993797,0,0.703399912,531.4,2.15,0.91,32.0
K04205.01,KEPLER,CANDIDATE,0,0.09699192835616839,0,1.166960319,97.8,0.88,0.904,17.9
K03225.01,KEPLER,CANDIDATE,0,0.09685827861751072,0,4.8754765,39.6,0.8,1.286,8.8
K01227.01,KEPLER,FALSE POSITIVE,0,0.0915479143851573,0,2.155278342,20739.0,16.89,0.82,142.7
K04144.01,KEPLER,CANDIDATE,0,0.09112105095042727,0,0.4961574895,109.8,0.99,0.937,25.1
K05840.01,KEPLER,FALSE POSITIVE,0,0.09007190413731472,0,460.77905,239.3,4.24,2.717,12.7
K02859.04,KEPLER,CANDIDATE,0,0.08812173437252563,0,2.90512019,61.2,0.59,0.721,13.2
K05451.01,KEPLER,CANDIDATE,0,0.08708396264049739,0,529.39169,319.9,4.4,2.504,12.1
K01318.01,KEPLER,FALSE POSITIVE,0,0.0858777878733695,0,1.634614356,19762.0,44.22,0.97,376.5
K03805.01,KEPLER,FALSE POSITIVE,0,0.08532737722386725,0,56.6993107,5824.7,179.36239999999793,8.838689999999987,76.3
K04253.01,KEPLER,CANDIDATE,0,0.08459324715147756,0,173.2578372,687.0,117.29,1.162,13.5
K02752.01,KEPLER,FALSE POSITIVE,0,0.08239629420325999,0,1.287622419,36.5,0.87,1.274,16.9
K02276.01,KEPLER,CONFIRMED,1,0.07991587656577556,0,1.442592305,166.0,2.67,2.043,27.1
K00011.01,KEPLER,FALSE POSITIVE,0,0.07771443323200522,0,3.747838198,616.0,13.65,0.826,138.2
K00210.01,KEPLER,CANDIDATE,0,0.07620616411518932,0,20.92735802,8091.0,17.36,1.109,263.5
K04890.01,KEPLER,CANDIDATE,0,0.07492714073621354,0,63.095068,496.8,11.67,1.325,11.4
K04773.02,KEPLER,CANDIDATE,0,0.07340693802169371,0,11.1438086,41.7,0.75,1.11,10.9
K03453.01,KEPLER,FALSE POSITIVE,0,0.0724213197761461,0,18.1118457,328.7,31.25,1.138,10.8
K04529.01,KEPLER,FALSE POSITIVE,0,0.07235169178440114,0,0.584148495,66.2,0.87,1.031,21.9
K02510.01,KEPLER,FALSE POSITIVE,0,0.07201062354275654,0,12.2141545,535.8,18.13,0.824,24.7
K04550.01,KEPLER,CONFIRMED,1,0.07140755921900578,0,140.251943,567.7,1.84,0.788,11.9
K03490.01,KEPLER,FALSE POSITIVE,0,0.06854342491824682,0,42.2011587,178.1,37.39,1.449,15.9
K07982.01,KEPLER,CANDIDATE,0,0.06818144716029544,0,376.37989,1140.0,3.26,0.955,13.3
K00609.01,KEPLER,FALSE POSITIVE,0,0.06716612279994841,0,4.396999852,4576.8,13.57,1.156,63.3
K02648.01,KEPLER,FALSE POSITIVE,0,0.06711722956045016,0,0.631795416,145.2,1.88,1.519,24.7
K04782.01,KEPLER,CANDIDATE,0,0.0666602278570066,0,7.4213444,315.9,1.73,0.973,8.7
K02578.01,KEPLER,CANDIDATE,0,0.06652112307264937,0,13.33094869,725.6,25.95,1.039,17.1
K01694.01,KEPLER,FALSE POSITIVE,0,0.06515008838053998,0,3.690317047,465.5,20.23,1.054,43.0
K03001.01,KEPLER,FALSE POSITIVE,0,0.06454508588311345,0,0.768934934,846.8,4.09,0.777,58.9
K08198.01,KEPLER,FALSE POSITIVE,0,0.06415359075306461,0,373.89398,730.0,2.51,0.699,18.5
K03205.01,KEPLER,FALSE POSITIVE,0,0.06398150271234856,0,1.332568744,29.9,0.59,1.081,29.1
K02450.02,KEPLER,CANDIDATE,0,0.06382732352024412,0,7.1931193,125.6,1.12,1.008,10.7
K03834.01,KEPLER,FALSE POSITIVE,0,0.06292716449460715,0,1.540392098,1022.0,17.63,0.724,87.2
K05866.01,KEPLER,CANDIDATE,0,0.06118597575809217,0,102.300622,781.2,35.36,8.838689999999987,13.0
K03724.01,KEPLER,FALSE POSITIVE,0,0.06115710740390489,0,4.639602084,25079.0,19.96,1.194,131.0
K06182.01,KEPLER,CANDIDATE,0,0.06107760592088278,0,19.2405821,207.4,1.19,0.848,9.0
K01259.01,KEPLER,FALSE POSITIVE,0,0.060927039764394536,0,1.506507172,880.9,13.4,0.473,86.7
K01747.01,KEPLER,FALSE POSITIVE,0,0.0597672076220866,0,20.55848388,677.3,36.9,0.936,20.8
K03951.01,KEPLER,FALSE POSITIVE,0,0.05877878297959034,0,2.40435335,70.6,3.05,3.358,27.1
K04625.01,KEPLER,CONFIRMED,1,0.058482067526442236,0,2.440839436,509.5,21.29,0.698,14.4
K04128.01,KEPLER,FALSE POSITIVE,0,0.05843644919240611,0,143.196381,618.1,6.64,1.06,17.4
K07847.01,KEPLER,CANDIDATE,0,0.057935666445485,0,399.37587,552.2,3.93,1.618,11.9
K07624.01,KEPLER,CANDIDATE,0,0.05609025106549996,0,330.025002,259.2,5.92,3.466,12.2
K06447.02,KEPLER,CANDIDATE,0,0.054841326469286085,0,91.649983,193.6,2.27,1.608,8.7
K05590.01,KEPLER,FALSE POSITIVE,0,0.05473082102997317,0,538.4263,242.0,3.2,2.028,16.2
K06450.01,KEPLER,CANDIDATE,0,0.054534969803353074,0,0.602277579,34.6,0.78,1.228,26.7
K06262.01,KEPLER,CANDIDATE,0,0.05398083988871658,0,0.673141323,229.5,1.29,0.858,10.5
K07879.01,KEPLER,CANDIDATE,0,0.05063945084027294,0,128.208643,212.2,6.15,3.811,8.9
K00255.03,KEPLER,FALSE POSITIVE,0,0.049842189270246744,0,7.7333361,126.9,0.59,0.511,9.3
K05190.01,KEPLER,FALSE POSITIVE,0,0.04970112581430398,0,2.40435325,349.6,24.16,1.0,23.3
K01654.01,KEPLER,FALSE POSITIVE,0,0.04753664986360397,0,1.097211085,38946.0,16.07,0.334,83.5
K05381.01,KEPLER,FALSE POSITIVE,0,0.047287249921575916,0,28.7369766,525.0,1.95,0.854,5.5
K04948.01,KEPLER,FALSE POSITIVE,0,0.04682590526569277,0,6.2095391,47.9,30.47,8.838689999999987,8.3
K06889.01,KEPLER,CANDIDATE,0,0.04623979383063032,0,75.906736,29.9,0.63,1.206,9.2
K06109.02,KEPLER,FALSE POSITIVE,0,0.041978254222868355,0,10.0046881,50.6,1.9,2.641,8.3
K03067.01,KEPLER,FALSE POSITIVE,0,0.04025296729837031,0,30.9597053,410.7,16.63,0.714,13.7
K08070.01,KEPLER,FALSE POSITIVE,0,0.03766174476073347,0,114.661733,281.8,1.38,0.712,7.3
K02445.01,KEPLER,CANDIDATE,0,0.0375234657352654,0,47.3659328,757.0,11.97,0.902,16.0
K06516.02,KEPLER,CANDIDATE,0,0.03721753627992817,0,28.24753303,,,,
K03035.01,KEPLER,FALSE POSITIVE,0,0.03710257686592262,0,21.3419702,,,,
K04246.02,KEPLER,CANDIDATE,0,0.03657622022009351,0,8.75630628,81.9,1.12,1.227,9.8
K06418.01,KEPLER,FALSE POSITIVE,0,0.03600649973381232,0,0.866344816,233.6,6.85,4.527,46.5
K05320.01,KEPLER,CANDIDATE,0,0.0357755201405711,0,357.437578,272.3,3.13,1.862,13.6
K01154.01,KEPLER,CANDIDATE,0,0.035651588224304864,0,6.810823723,14447.0,26.06,2.079,1441.9
K06913.02,KEPLER,CANDIDATE,0,0.03512573998845326,0,1.75173647,68.4,3.86,4.378,10.2
K04487.01,KEPLER,CANDIDATE,0,0.03337366197565779,0,3.48754109,85.1,0.72,0.783,7.3
K07784.01,KEPLER,FALSE POSITIVE,0,0.03305272693687039,0,19.4444573,182.3,1.53,1.081,7.1
K04692.02,KEPLER,CANDIDATE,0,0.031519117213065655,0,7.6720844,75.1,0.72,0.807,8.4
K04820.01,KEPLER,CANDIDATE,0,0.03063321719290027,0,14.7401061,238.0,1.48,0.959,10.3
K03640.01,KEPLER,FALSE POSITIVE,0,0.030554232460670065,0,245.4382021,11312.0,19.17,0.99,844.7
K02599.01,KEPLER,FALSE POSITIVE,0,0.030453277225025416,0,25.3239215,1379.7,19.02,0.668,214.5
K05561.01,KEPLER,FALSE POSITIVE,0,0.03021669443003821,0,44.36123319,,,,
K03809.01,KEPLER,FALSE POSITIVE,0,0.02995972391621808,0,1.674690886,527.4,29.78,1.157,118.6
K05782.01,KEPLER,CANDIDATE,0,0.02955593701447858,0,551.134255,346.7,6.69,3.62,10.0
K06258.01,KEPLER,FALSE POSITIVE,0,0.028091800643597682,0,0.764597756,29.9,0.72,1.726,12.0
K07127.01,KEPLER,FALSE POSITIVE,0,0.028048421215987766,0,0.687004402,93.7,2.89,2.803,45.0
K06065.01,KEPLER,FALSE POSITIVE,0,0.027974893431644034,0,265.2999623,31778.0,25.56,0.997,154.7
K04898.01,KEPLER,CANDIDATE,0,0.02788657493157149,0,409.87844,647.1,2.72,1.064,8.7
K04439.01,KEPLER,FALSE POSITIVE,0,0.027804542605597775,0,1.33258455,152.7,15.89,0.951,8.1
K05124.01,KEPLER,CANDIDATE,0,0.027727644620108613,0,276.879492,1762.0,11.67,0.966,10.4
K01171.01,KEPLER,FALSE POSITIVE,0,0.027471147798310832,0,0.4961574895,186.7,35.74,1.064,28.9
K05850.01,KEPLER,CANDIDATE,0,0.027404321478764832,0,303.226376,1464.0,3.66,0.955,12.7
K06413.01,KEPLER,FALSE POSITIVE,0,0.026449302984871283,0,374.318792,360147.30000000127,179.36239999999793,0.815,10.3
K03920.01,KEPLER,FALSE POSITIVE,0,0.025992308565471283,0,14.46993942,1235.3,85.84,8.838689999999987,41.9
K07770.01,KEPLER,FALSE POSITIVE,0,0.02581191843732628,0,3.54828691,70.9,1.69,1.987,9.9
K00742.01,KEPLER,FALSE POSITIVE,0,0.025044047977186373,0,11.521446064,17984.0,150.51,0.848,622.1
K04696.01,KEPLER,FALSE POSITIVE,0,0.024618946143200787,0,1.08195208,33.6,0.59,0.824,12.4
K02323.01,KEPLER,CANDIDATE,0,0.024054478780351524,0,58.35512552,,,,
K01795.01,KEPLER,FALSE POSITIVE,0,0.023790728269691534,0,2.972047661,5945.0,24.74,0.711,20.0
K06259.01,KEPLER,CANDIDATE,0,0.02377695096996392,0,4.78113942,105.8,1.14,1.115,9.6
K04047.01,KEPLER,FALSE POSITIVE,0,0.023627997168298203,0,1.39862757,45.5,2.39,3.367,59.6
K05904.01,KEPLER,FALSE POSITIVE,0,0.023371620857774146,0,322.544807,88.0,0.68,0.741,12.1
K00793.01,KEPLER,FALSE POSITIVE,0,0.023002079876689584,0,10.31872301,871.7,28.59,1.06,38.2
K08078.01,KEPLER,CANDIDATE,0,0.022805004602595567,0,0.805941833,3180.4,29.85,0.672,55.4
K06242.02,KEPLER,CANDIDATE,0,0.0226734701049865,0,76.83994597,,,,
K06050.01,KEPLER,FALSE POSITIVE,0,0.022643516063038396,0,2.064900876,10939.0,38.19,0.901,364.0
K06742.01,KEPLER,FALSE POSITIVE,0,0.02262462341715611,0,63.52017525,32548.0,77.1,4.33,1708.1
K05464.01,KEPLER,FALSE POSITIVE,0,0.022569417284102347,0,551.134255,148.2,2.85,2.357,10.2
K06176.02,KEPLER,CANDIDATE,0,0.022254936873714323,0,73.4567573,,,,
K07477.01,KEPLER,FALSE POSITIVE,0,0.022126990870007458,0,0.612888148,43.1,0.93,1.368,15.9
K07676.01,KEPLER,CANDIDATE,0,0.021964657532024992,0,5.3694084,40.0,0.62,0.869,8.0
K07917.01,KEPLER,FALSE POSITIVE,0,0.021507323219913527,0,1.41435861,56.8,0.74,0.994,9.5
K06143.01,KEPLER,FALSE POSITIVE,0,0.021307522077905684,0,297.113395,275.4,5.37,3.206,10.1
K07637.01,KEPLER,FALSE POSITIVE,0,0.021175486245248728,0,2.85889907,55.7,0.73,0.754,6.9
K04140.01,KEPLER,FALSE POSITIVE,0,0.02062752242728767,0,205.30627,671.0,2.48,0.955,6.4
K06142.01,KEPLER,CANDIDATE,0,0.020357262251806806,0,69.64679311,,,,
K01408.02,KEPLER,FALSE POSITIVE,0,0.020357262251806806,0,82.37208458,,,,
K01021.01,KEPLER,FALSE POSITIVE,0,0.01987619495666769,0,0.54624855,639.7,18.93,0.714,42.9
K05639.01,KEPLER,CANDIDATE,0,0.01952773238867377,0,279.21957,333.5,4.92,2.604,10.5
K07960.01,KEPLER,FALSE POSITIVE,0,0.019144482097989548,0,365.5435,753.1,3.04,1.076,13.4
K06809.01,KEPLER,FALSE POSITIVE,0,0.018838815563071903,0,0.566809491,69.5,0.59,0.654,21.0
K07203.01,KEPLER,FALSE POSITIVE,0,0.01878019723828891,0,3.55646511,46.1,0.59,0.818,7.8
K06884.01,KEPLER,CANDIDATE,0,0.018386750246535365,0,2.42186898,,,,
K01496.01,KEPLER,FALSE POSITIVE,0,0.018236651179090776,0,36.12895451,3758.6,53.72,0.912,66.3
K02897.01,KEPLER,FALSE POSITIVE,0,0.018160529238942746,0,0.584310213,809.4,23.09,0.88,91.9
K01789.01,KEPLER,FALSE POSITIVE,0,0.017059017085900678,0,1.412526202,150.3,36.77,1.91,70.6
K01926.01,KEPLER,FALSE POSITIVE,0,0.01702293478467153,0,123.11494773,,,,
K00129.02,KEPLER,CANDIDATE,0,0.016403058602805724,0,143.21109362,,,,
K05824.01,KEPLER,FALSE POSITIVE,0,0.016309590477344798,0,247.47724314,,,,
K06238.01,KEPLER,CANDIDATE,0,0.01622990230000247,0,197.05431574,,,,
K01356.01,KEPLER,CANDIDATE,0,0.01615009387116223,0,384.02570682,,,,
K06627.01,KEPLER,FALSE POSITIVE,0,0.016128294972552044,0,1.208524388,4759.6,26.71,0.701,181.3
K01815.02,KEPLER,CANDIDATE,0,0.014564495049685579,0,1.74610057,54.2,1.24,1.749,9.2
K03915.01,KEPLER,FALSE POSITIVE,0,0.014481997845529787,0,2.189090653,1027.1,23.25,0.777,78.3
K01137.01,KEPLER,FALSE POSITIVE,0,0.01383341136776348,0,302.38867822,41320.0,40.73,0.857,294.8
K03778.01,KEPLER,FALSE POSITIVE,0,0.013612121288152357,0,3.539631353,1229.7,39.34,2.629,163.5
K03827.01,KEPLER,FALSE POSITIVE,0,0.013374789022391474,0,337.377514,6110.0,37.23,0.998,60.0
K05217.01,KEPLER,FALSE POSITIVE,0,0.013247246028788526,0,498.24938,522.6,14.02,6.334,11.8
K00754.01,KEPLER,FALSE POSITIVE,0,0.013173880097025796,0,1.736952453,8079.2,33.46,0.791,505.6
K05167.01,KEPLER,FALSE POSITIVE,0,0.013043795995414326,0,396.349253,413.1,2.39,1.168,5.7
K01575.01,KEPLER,FALSE POSITIVE,0,0.012916425030629832,0,24.3282251,1120.6,179.36239999999793,0.78,26.4
K05473.01,KEPLER,CANDIDATE,0,0.012835944348773373,0,549.42772,719.1,2.64,0.971,12.1
K03597.01,KEPLER,FALSE POSITIVE,0,0.012812297581209078,0,1.219034103,95697.0,40.46,1.271,319.1
K08230.01,KEPLER,FALSE POSITIVE,0,0.012709305371142,0,504.88419,5058.0,25.19,0.655,15.9
K05754.01,KEPLER,FALSE POSITIVE,0,0.012427682433441454,0,2.645596805,1272.7,167.05,5.443,166.8
K03024.01,KEPLER,FALSE POSITIVE,0,0.012234293951596323,0,0.537839241,29.9,1.49,3.03,12.4
K07698.01,KEPLER,FALSE POSITIVE,0,0.012190125995236596,0,508.807642,2127.0,39.59,8.811,14.8
K00617.01,KEPLER,FALSE POSITIVE,0,0.011973874665763207,0,37.86511904,6941.7,40.36,0.963,222.3
K07932.01,KEPLER,CANDIDATE,0,0.011913352486660679,0,502.25648,153.2,1.03,0.833,8.1
K03169.01,KEPLER,FALSE POSITIVE,0,0.011816166264029553,0,180.71809,31.2,1.28,1.991,8.6
K07711.01,KEPLER,CANDIDATE,0,0.011784347547472434,0,302.779824,270.9,1.31,0.797,12.3
K06511.01,KEPLER,CANDIDATE,0,0.011749178525263984,0,27.122801,234.7,1.46,0.945,8.1
K05401.01,KEPLER,FALSE POSITIVE,0,0.011283496016022354,0,229.948531,154.2,1.09,0.861,6.1
K07925.01,KEPLER,CANDIDATE,0,0.011176713987645713,0,4.6318914,50.9,0.64,0.887,9.2
K02059.02,KEPLER,CANDIDATE,0,0.010920365222203427,0,2.18565886,35.6,0.59,0.746,11.1
K05037.01,KEPLER,CANDIDATE,0,0.010645704805702405,0,349.58811,373.3,134.79,8.838689999999987,11.6
K07981.01,KEPLER,FALSE POSITIVE,0,0.010551926246650268,0,1.33250451,29.9,0.62,1.157,11.6
K08205.01,KEPLER,CANDIDATE,0,0.010242087686013574,0,260.446151,713.9,25.39,7.796,16.8
K04390.01,KEPLER,CANDIDATE,0,0.010002893101740011,0,1.63668262,921.7,103.99,3.739,12.9
K08031.01,KEPLER,CANDIDATE,0,0.009993454953941567,0,254.336707,398.4,13.97,6.502,11.3
K08220.01,KEPLER,FALSE POSITIVE,0,0.009958067225421773,0,423.73074,834.9,2.48,0.853,12.1
K06160.01,KEPLER,FALSE POSITIVE,0,0.00989967639488943,0,151.31847,105.4,1.13,1.085,6.0
K07648.01,KEPLER,CANDIDATE,0,0.009849655087363376,0,1.183505016,116.6,0.8,0.746,10.0
K05774.01,KEPLER,FALSE POSITIVE,0,0.009657588708875857,0,1.21374744,185130.0,96.19,1.619,4355.5
K07959.01,KEPLER,FALSE POSITIVE,0,0.009654083678213353,0,371.21454,1780.0,28.21,0.85,14.4
K02081.02,KEPLER,FALSE POSITIVE,0,0.00959665335755761,0,551.134255,253.4,4.91,3.152,7.7
K03088.02,KEPLER,CANDIDATE,0,0.009418394124602294,0,67.8766605,389.2,1.92,0.975,9.1
K07437.01,KEPLER,CANDIDATE,0,0.009279039365738201,0,1.9997244,85.1,0.84,0.897,8.9
K04662.01,KEPLER,FALSE POSITIVE,0,0.009046587389535246,0,0.933728755,29.9,0.72,1.863,17.9
K07793.01,KEPLER,CANDIDATE,0,0.008248912390625763,0,1.99469354,75.1,0.59,0.51,8.9
K07844.01,KEPLER,FALSE POSITIVE,0,0.007850612574598384,0,1.302061421,1046.1,92.86,2.783,29.5
K05153.01,KEPLER,FALSE POSITIVE,0,0.007482173599045227,0,354.63284,280.9,0.9,0.535,6.5
K07503.01,KEPLER,FALSE POSITIVE,0,0.007381364743830693,0,2.52122764,127.3,0.91,0.81,8.9
K06760.01,KEPLER,FALSE POSITIVE,0,0.007318199399204349,0,10.81589054,45400.0,32.48,1.508,4313.4
K08016.01,KEPLER,FALSE POSITIVE,0,0.006605187804451713,0,0.93374635,34.3,0.63,1.094,7.3
K05578.01,KEPLER,CANDIDATE,0,0.006496662915866901,0,388.048463,149.6,3.0,2.46,8.3
K07388.01,KEPLER,FALSE POSITIVE,0,0.0064192854533603825,0,0.750737313,38.8,0.59,0.761,13.4
K07865.01,KEPLER,CANDIDATE,0,0.0064011622423866,0,0.518060209,2258.4,61.49,1.772,140.6
K05420.01,KEPLER,FALSE POSITIVE,0,0.006345443499534035,0,66.247851,666.0,16.67,6.519,8.3
K05580.01,KEPLER,CANDIDATE,0,0.006111557096994703,0,173.219879,239.5,2.41,1.518,5.7
K03707.01,KEPLER,FALSE POSITIVE,0,0.0060717792573654495,0,19.979098,38418.0,22.98,1.126,449.1
K00828.01,KEPLER,FALSE POSITIVE,0,0.006056154659541455,0,2.507089906,1339.2,30.26,0.939,64.9
K01829.01,KEPLER,FALSE POSITIVE,0,0.005952937952690875,0,22.84156293,2940.7,30.0,0.826,47.6
K06161.01,KEPLER,FALSE POSITIVE,0,0.00588984866131434,0,10.4032399,1056.2,51.47,1.436,272.8
K05313.01,KEPLER,FALSE POSITIVE,0,0.005844413064106064,0,326.370361,568.8,22.6,8.838689999999987,13.7
K07032.01,KEPLER,CANDIDATE,0,0.005748912390625764,0,3.64049242,42.1,0.61,0.936,9.5
K01777.01,KEPLER,FALSE POSITIVE,0,0.005678277536189853,0,2.685223546,5494.6,28.98,0.719,238.7
K04198.01,KEPLER,CANDIDATE,0,0.005324584890169369,0,1.182862515,29.9,1.26,2.639,16.5
K05567.01,KEPLER,FALSE POSITIVE,0,0.005070643976363131,0,397.3958488,29825.0,64.56,1.362,395.7
K03800.01,KEPLER,FALSE POSITIVE,0,0.005012862866720826,0,1.247156944,134760.0,179.36239999999793,8.838689999999987,92.4
K05742.01,KEPLER,FALSE POSITIVE,0,0.004213882475087194,0,1.340649911,360147.30000000127,127.25,1.222,791.0
K04299.01,KEPLER,FALSE POSITIVE,0,0.004055263330783366,0,0.980505042,426.6,26.35,1.059,51.5
K05877.01,KEPLER,CANDIDATE,0,0.00402923564635435,0,230.358183,1023.0,2.87,0.884,6.2
K08067.01,KEPLER,FALSE POSITIVE,0,0.003795349243815019,0,1.901655058,87321.0,89.89,1.704,190.6
K05180.01,KEPLER,FALSE POSITIVE,0,0.003795349243815019,0,2.362348096,724.7,89.55,3.293,103.6
K04181.02,KEPLER,FALSE POSITIVE,0,0.003795349243815019,0,164.689421,521.0,2.24,0.95,5.0
K03675.01,KEPLER,FALSE POSITIVE,0,0.003654724378032993,0,20.8392148,177510.0,51.9,0.812,197.6
K07341.01,KEPLER,FALSE POSITIVE,0,0.00342691026826186,0,9.089355023,101480.0,68.91,2.015,756.4
K04114.01,KEPLER,FALSE POSITIVE,0,0.003178277536189853,0,359.1015,496.5,2.37,1.047,12.9
K06961.01,KEPLER,FALSE POSITIVE,0,0.003178277536189853,0,0.706428634,360147.30000000127,47.64,0.736,1066.7
K00909.01,KEPLER,FALSE POSITIVE,0,0.0028098385606366936,0,16.37198661,4147.6,179.36239999999793,0.592,54.5
K06748.01,KEPLER,FALSE POSITIVE,0,0.0022608054157264366,0,2.264471713,187430.0,102.12,1.752,873.7
K05045.01,KEPLER,FALSE POSITIVE,0,0.002157588708875857,0,1.018360336,360147.30000000127,107.0,1.463,967.4
K07187.01,KEPLER,FALSE POSITIVE,0,0.002157588708875857,0,1.077358008,311050.0,70.64,1.064,537.4
K05791.01,KEPLER,FALSE POSITIVE,0,0.002063385190583315,0,385.593209,282.9,2.37,1.358,5.6
K08048.01,KEPLER,CANDIDATE,0,0.002063385190583315,0,379.67276,253.9,1.33,0.824,7.9
K06550.01,KEPLER,FALSE POSITIVE,0,0.0018976746219075095,0,1.288046428,32.3,2.18,3.871,20.3
K03157.01,KEPLER,FALSE POSITIVE,0,0.0018976746219075095,0,0.683082998,143.3,9.92,7.762,26.1
K05588.01,KEPLER,CANDIDATE,0,0.0018976746219075095,0,542.91133,750.1,2.27,0.824,13.1
K07097.01,KEPLER,FALSE POSITIVE,0,0.0018976746219075095,0,1.679585725,101790.0,28.99,0.554,1884.3
K03471.01,KEPLER,FALSE POSITIVE,0,0.0018976746219075095,0,67.451045,7062.8,36.7,2.191,205.4
K08088.01,KEPLER,FALSE POSITIVE,0,0.0018976746219075095,0,308.185801,708.7,2.12,0.813,9.5
K08255.01,KEPLER,FALSE POSITIVE,0,0.0018976746219075095,0,539.214259,300.6,2.04,1.171,7.8
K07121.01,KEPLER,FALSE POSITIVE,0,0.0018976746219075095,0,1.890227354,112260.0,42.05,0.78,252.0
K07658.01,KEPLER,FALSE POSITIVE,0,0.0018976746219075095,0,3.47148164,122.7,0.85,0.716,9.5
K07543.01,KEPLER,FALSE POSITIVE,0,0.0018976746219075095,0,0.98376204,55.0,12.44,5.294,25.2
K04531.01,KEPLER,FALSE POSITIVE,0,0.0018976746219075095,0,372.62637,542.0,2.38,0.993,11.9
K00741.01,KEPLER,FALSE POSITIVE,0,0.001756601839613735,0,23.355341391,38524.0,21.55,0.905,1144.3
K03677.01,KEPLER,FALSE POSITIVE,0,0.0015292356463543501,0,30.5528701,63521.0,63.57,1.165,510.8
K08259.01,KEPLER,CANDIDATE,0,0.0015292356463543501,0,402.27493,294.5,1.73,0.95,11.1
K07529.01,KEPLER,FALSE POSITIVE,0,0.0015292356463543501,0,1.222127938,2486.5,30.32,0.87,200.9
K08164.01,KEPLER,FALSE POSITIVE,0,0.0015292356463543501,0,417.829033,500.8,2.19,0.975,8.9
K05949.01,KEPLER,CANDIDATE,0,0.0013939189623065561,0,551.134255,274.8,1.88,1.111,7.3
K04493.01,KEPLER,FALSE POSITIVE,0,0.0012806029142823437,0,2.41795911,100.5,0.59,0.534,10.1
K06230.01,KEPLER,FALSE POSITIVE,0,0.0012806029142823432,0,1.927177921,136140.0,28.94,0.774,204.7
K06528.01,KEPLER,FALSE POSITIVE,0,0.001261524263446348,0,0.56818769,,,,
K06747.01,KEPLER,FALSE POSITIVE,0,0.001261524263446348,0,0.71538172,,,,
K07474.01,KEPLER,FALSE POSITIVE,0,0.001261524263446348,0,0.71957289,,,,
K05184.01,KEPLER,FALSE POSITIVE,0,0.0011015121530420662,0,419.75224,754.0,2.82,1.016,6.3
K07113.01,KEPLER,FALSE POSITIVE,0,0.0,0,2.665875491,161390.0,67.43,1.159,2274.7
K05089.01,KEPLER,FALSE POSITIVE,0,0.0,0,545.54618,177.7,2.01,1.476,9.0
K03665.01,KEPLER,FALSE POSITIVE,0,0.0,0,17.79391159,93395.0,33.3,1.0,247.0
K07321.01,KEPLER,FALSE POSITIVE,0,0.0,0,0.93374699,172.1,103.98,5.272,25.5
K03584.01,KEPLER,FALSE POSITIVE,0,0.0,0,8.268081087,71479.0,50.31,0.922,1320.5
K03564.01,KEPLER,FALSE POSITIVE,0,0.0,0,1.558544209,225590.0,35.12,0.708,421.6
K04936.01,KEPLER,FALSE POSITIVE,0,0.0,0,0.681137796,105190.0,45.75,0.864,432.5
K03612.01,KEPLER,FALSE POSITIVE,0,0.0,0,19.515013291,256440.0,53.03,0.851,1018.8
K05898.01,KEPLER,CANDIDATE,0,0.0,0,76.37924,276.3,1.73,0.936,5.7
K06569.01,KEPLER,FALSE POSITIVE,0,0.0,0,3.115304946,149520.0,61.66,1.087,1398.8
K03369.01,KEPLER,FALSE POSITIVE,0,0.0,0,42.559265547,207990.0,51.86,0.863,950.0
K05125.01,KEPLER,FALSE POSITIVE,0,0.0,0,389.169027,513.3,15.36,6.918,7.7
K03754.01,KEPLER,FALSE POSITIVE,0,0.0,0,5.663604992,163380.0,54.55,1.0,169.4
K03523.01,KEPLER,FALSE POSITIVE,0,0.0,0,106.17593813,164740.0,54.91,1.141,4355.5
K05559.01,KEPLER,FALSE POSITIVE,0,0.0,0,551.134255,199.9,1.18,0.854,8.4
K00031.01,KEPLER,FALSE POSITIVE,0,0.0,0,0.925589891,400.8,50.6,8.838689999999987,20.6
K06815.01,KEPLER,FALSE POSITIVE,0,0.0,0,26.718417546,72976.0,66.69,1.286,2173.1
K05256.01,KEPLER,FALSE POSITIVE,0,0.0,0,551.134255,326.6,1.77,0.965,11.0
K07241.01,KEPLER,FALSE POSITIVE,0,0.0,0,4.994773558,259760.0,62.69,1.181,4355.5
K02937.01,KEPLER,FALSE POSITIVE,0,0.0,0,20.733748565,360147.30000000127,69.8,0.974,2236.7
K06767.01,KEPLER,FALSE POSITIVE,0,0.0,0,30.130130001,280750.0,83.75,1.347,2583.7
K03587.01,KEPLER,FALSE POSITIVE,0,0.0,0,1.036592635,124500.0,179.36239999999793,8.747,444.7
K07699.01,KEPLER,FALSE POSITIVE,0,0.0,0,1.003049079,219270.0,42.5,0.844,1766.7
K06327.01,KEPLER,FALSE POSITIVE,0,0.0,0,18.839487435,182720.0,45.2,1.024,2003.1
K06085.01,KEPLER,CANDIDATE,0,0.0,0,5.902596818,54894.0,25.8,1.094,533.9
K06757.01,KEPLER,FALSE POSITIVE,0,0.0,0,1.106560721,253680.0,47.63,0.873,643.6
K06652.01,KEPLER,FALSE POSITIVE,0,0.0,0,5.06318803,360147.30000000127,179.36239999999793,0.752,1602.7
K07417.01,KEPLER,FALSE POSITIVE,0,0.0,0,6.840305932,124930.0,62.08,0.908,2025.7
K06183.01,KEPLER,FALSE POSITIVE,0,0.0,0,4.326946311,360147.30000000127,106.99,1.501,4247.8
K03540.01,KEPLER,FALSE POSITIVE,0,0.0,0,9.53040216,321540.0,60.49,0.912,185.6
K07731.01,KEPLER,FALSE POSITIVE,0,0.0,0,0.755105584,250030.0,76.26,1.19,2158.5
K05500.01,KEPLER,CANDIDATE,0,0.0,0,84.934357,129.7,1.6,1.395,5.9
K06265.01,KEPLER,FALSE POSITIVE,0,0.0,0,10.306982793,341790.0,81.21,1.217,3691.9
